<?xml version="1.0" encoding="UTF-8"?>
<Bucket
   type = "1"
   version = "2.0">
   <Breakpoints>
      <BreakpointProxy
         BreakpointExtensionID = "Xcode.Breakpoint.FileBreakpoint">
         <BreakpointContent
            shouldBeEnabled = "Yes"
            ignoreCount = "0"
            continueAfterRunningActions = "No"
            filePath = "MovieViewer/MoviesViewController.swift"
            timestampString = "507441766.68479"
            startingColumnNumber = "9223372036854775807"
            endingColumnNumber = "9223372036854775807"
            startingLineNumber = "2"
            endingLineNumber = "2">
            <Locations>
               <Location
                  shouldBeEnabled = "Yes"
                  ignoreCount = "0"
                  continueAfterRunningActions = "No"
                  symbolName = "MovieViewer.MoviesViewController.init (nibName : Swift.Optional&lt;Swift.String&gt;, bundle : Swift.Optional&lt;__ObjC.Bundle&gt;) -&gt; MovieViewer.MoviesViewController"
                  moduleName = "MovieViewer"
                  usesParentBreakpointCondition = "Yes"
                  urlString = "file:///Users/swapniltamrakar/Desktop/MovieViewer/MovieViewer/MoviesViewController.swift"
                  timestampString = "507445698.854509"
                  startingColumnNumber = "9223372036854775807"
                  endingColumnNumber = "9223372036854775807"
                  startingLineNumber = "12"
                  endingLineNumber = "12"
                  offsetFromSymbolStart = "70">
               </Location>
               <Location
                  shouldBeEnabled = "Yes"
                  ignoreCount = "0"
                  continueAfterRunningActions = "No"
                  symbolName = "MovieViewer.MoviesViewController.__allocating_init (nibName : Swift.Optional&lt;Swift.String&gt;, bundle : Swift.Optional&lt;__ObjC.Bundle&gt;) -&gt; MovieViewer.MoviesViewController"
                  moduleName = "MovieViewer"
                  usesParentBreakpointCondition = "Yes"
                  urlString = "file:///Users/swapniltamrakar/Desktop/MovieViewer/MovieViewer/MoviesViewController.swift"
                  timestampString = "507445698.862032"
                  startingColumnNumber = "9223372036854775807"
                  endingColumnNumber = "9223372036854775807"
                  startingLineNumber = "0"
                  endingLineNumber = "0"
                  offsetFromSymbolStart = "23">
               </Location>
               <Location
                  shouldBeEnabled = "Yes"
                  ignoreCount = "0"
                  continueAfterRunningActions = "No"
                  symbolName = "MovieViewer.MoviesViewController.__allocating_init (coder : __ObjC.NSCoder) -&gt; Swift.Optional&lt;MovieViewer.MoviesViewController&gt;"
                  moduleName = "MovieViewer"
                  usesParentBreakpointCondition = "Yes"
                  urlString = "file:///Users/swapniltamrakar/Desktop/MovieViewer/MovieViewer/MoviesViewController.swift"
                  timestampString = "507445698.868462"
                  startingColumnNumber = "9223372036854775807"
                  endingColumnNumber = "9223372036854775807"
                  startingLineNumber = "0"
                  endingLineNumber = "0"
                  offsetFromSymbolStart = "4">
               </Location>
               <Location
                  shouldBeEnabled = "Yes"
                  ignoreCount = "0"
                  continueAfterRunningActions = "No"
                  symbolName = "MovieViewer.MoviesViewController.init (coder : __ObjC.NSCoder) -&gt; Swift.Optional&lt;MovieViewer.MoviesViewController&gt;"
                  moduleName = "MovieViewer"
                  usesParentBreakpointCondition = "Yes"
                  urlString = "file:///Users/swapniltamrakar/Desktop/MovieViewer/MovieViewer/MoviesViewController.swift"
                  timestampString = "507445698.876267"
                  startingColumnNumber = "9223372036854775807"
                  endingColumnNumber = "9223372036854775807"
                  startingLineNumber = "12"
                  endingLineNumber = "12"
                  offsetFromSymbolStart = "28">
               </Location>
            </Locations>
         </BreakpointContent>
      </BreakpointProxy>
      <BreakpointProxy
         BreakpointExtensionID = "Xcode.Breakpoint.FileBreakpoint">
         <BreakpointContent
            shouldBeEnabled = "No"
            ignoreCount = "0"
            continueAfterRunningActions = "No"
            filePath = "MovieViewer/MoviesViewController.swift"
            timestampString = "507444561.370928"
            startingColumnNumber = "9223372036854775807"
            endingColumnNumber = "9223372036854775807"
            startingLineNumber = "12"
            endingLineNumber = "12"
            landmarkName = "MoviesViewController"
            landmarkType = "3">
            <Locations>
               <Location
                  shouldBeEnabled = "No"
                  ignoreCount = "0"
                  continueAfterRunningActions = "No"
                  symbolName = "MovieViewer.MoviesViewController.tableView.getter : weak Swift.ImplicitlyUnwrappedOptional&lt;__ObjC.UITableView&gt;"
                  moduleName = "MovieViewer"
                  usesParentBreakpointCondition = "Yes"
                  urlString = "file:///Users/swapniltamrakar/Desktop/MovieViewer/MovieViewer/MoviesViewController.swift"
                  timestampString = "507444561.379875"
                  startingColumnNumber = "9223372036854775807"
                  endingColumnNumber = "9223372036854775807"
                  startingLineNumber = "12"
                  endingLineNumber = "12"
                  offsetFromSymbolStart = "27">
               </Location>
               <Location
                  shouldBeEnabled = "No"
                  ignoreCount = "0"
                  continueAfterRunningActions = "No"
                  symbolName = "MovieViewer.MoviesViewController.tableView.setter : weak Swift.ImplicitlyUnwrappedOptional&lt;__ObjC.UITableView&gt;"
                  moduleName = "MovieViewer"
                  usesParentBreakpointCondition = "Yes"
                  urlString = "file:///Users/swapniltamrakar/Desktop/MovieViewer/MovieViewer/MoviesViewController.swift"
                  timestampString = "507444561.386075"
                  startingColumnNumber = "9223372036854775807"
                  endingColumnNumber = "9223372036854775807"
                  startingLineNumber = "12"
                  endingLineNumber = "12"
                  offsetFromSymbolStart = "42">
               </Location>
               <Location
                  shouldBeEnabled = "No"
                  ignoreCount = "0"
                  continueAfterRunningActions = "No"
                  symbolName = "MovieViewer.MoviesViewController.init (nibName : Swift.Optional&lt;Swift.String&gt;, bundle : Swift.Optional&lt;__ObjC.Bundle&gt;) -&gt; MovieViewer.MoviesViewController"
                  moduleName = "MovieViewer"
                  usesParentBreakpointCondition = "Yes"
                  urlString = "file:///Users/swapniltamrakar/Desktop/MovieViewer/MovieViewer/MoviesViewController.swift"
                  timestampString = "507444561.394008"
                  startingColumnNumber = "9223372036854775807"
                  endingColumnNumber = "9223372036854775807"
                  startingLineNumber = "12"
                  endingLineNumber = "12"
                  offsetFromSymbolStart = "70">
               </Location>
               <Location
                  shouldBeEnabled = "No"
                  ignoreCount = "0"
                  continueAfterRunningActions = "No"
                  symbolName = "MovieViewer.MoviesViewController.init (coder : __ObjC.NSCoder) -&gt; Swift.Optional&lt;MovieViewer.MoviesViewController&gt;"
                  moduleName = "MovieViewer"
                  usesParentBreakpointCondition = "Yes"
                  urlString = "file:///Users/swapniltamrakar/Desktop/MovieViewer/MovieViewer/MoviesViewController.swift"
                  timestampString = "507444561.399375"
                  startingColumnNumber = "9223372036854775807"
                  endingColumnNumber = "9223372036854775807"
                  startingLineNumber = "12"
                  endingLineNumber = "12"
                  offsetFromSymbolStart = "28">
               </Location>
            </Locations>
         </BreakpointContent>
      </BreakpointProxy>
   </Breakpoints>
</Bucket>
