<?xml version="1.0" encoding="UTF-8"?>
<document type="com.apple.InterfaceBuilder3.CocoaTouch.Storyboard.XIB" version="3.0" toolsVersion="11762" systemVersion="16A313a" targetRuntime="iOS.CocoaTouch" propertyAccessControl="none" colorMatched="YES" initialViewController="BYZ-38-t0r">
    <device id="retina4_7" orientation="portrait">
        <adaptation id="fullscreen"/>
    </device>
    <dependencies>
        <deployment identifier="iOS"/>
        <plugIn identifier="com.apple.InterfaceBuilder.IBCocoaTouchPlugin" version="11757"/>
        <capability name="documents saved in the Xcode 8 format" minToolsVersion="8.0"/>
    </dependencies>
    <scenes>
        <!--Movies View Controller-->
        <scene sceneID="tne-QT-ifu">
            <objects>
                <viewController id="BYZ-38-t0r" customClass="MoviesViewController" customModule="MovieViewer" customModuleProvider="target" sceneMemberID="viewController">
                    <view key="view" contentMode="scaleToFill" id="8bC-Xf-vdC">
                        <rect key="frame" x="0.0" y="0.0" width="375" height="667"/>
                        <autoresizingMask key="autoresizingMask" widthSizable="YES" heightSizable="YES"/>
                        <subviews>
                            <tableView clipsSubviews="YES" contentMode="scaleToFill" misplaced="YES" alwaysBounceVertical="YES" dataMode="prototypes" style="plain" separatorStyle="default" rowHeight="119" sectionHeaderHeight="28" sectionFooterHeight="28" id="bit-ca-Hvb">
                                <rect key="frame" x="0.0" y="0.0" width="375" height="667"/>
                                <autoresizingMask key="autoresizingMask" flexibleMaxX="YES" flexibleMaxY="YES"/>
                                <color key="backgroundColor" white="1" alpha="1" colorSpace="calibratedWhite"/>
                                <prototypes>
                                    <tableViewCell clipsSubviews="YES" contentMode="scaleToFill" misplaced="YES" selectionStyle="default" indentationWidth="10" reuseIdentifier="MovieCell" rowHeight="119" id="iNL-5K-hpF" customClass="MovieCell" customModule="MovieViewer" customModuleProvider="target">
                                        <rect key="frame" x="0.0" y="28" width="375" height="119"/>
                                        <autoresizingMask key="autoresizingMask"/>
                                        <tableViewCellContentView key="contentView" opaque="NO" clipsSubviews="YES" multipleTouchEnabled="YES" contentMode="center" tableViewCell="iNL-5K-hpF" id="VFK-D3-ZaC">
                                            <rect key="frame" x="0.0" y="0.0" width="375" height="118"/>
                                            <autoresizingMask key="autoresizingMask"/>
                                            <subviews>
                                                <label opaque="NO" userInteractionEnabled="NO" contentMode="left" horizontalHuggingPriority="251" verticalHuggingPriority="251" misplaced="YES" text="Title" textAlignment="natural" lineBreakMode="tailTruncation" baselineAdjustment="alignBaselines" adjustsFontSizeToFit="NO" id="OBf-N6-Vp1">
                                                    <rect key="frame" x="17" y="0.0" width="113" height="18"/>
                                                    <autoresizingMask key="autoresizingMask" flexibleMaxX="YES" flexibleMaxY="YES"/>
                                                    <fontDescription key="fontDescription" type="boldSystem" pointSize="17"/>
                                                    <nil key="textColor"/>
                                                    <nil key="highlightedColor"/>
                                                </label>
                                                <label opaque="NO" userInteractionEnabled="NO" contentMode="left" horizontalHuggingPriority="251" verticalHuggingPriority="251" misplaced="YES" text="Overview" textAlignment="natural" lineBreakMode="tailTruncation" numberOfLines="0" baselineAdjustment="alignBaselines" adjustsFontSizeToFit="NO" id="DEW-zw-n5F">
                                                    <rect key="frame" x="17" y="49" width="350" height="61"/>
                                                    <autoresizingMask key="autoresizingMask" flexibleMaxX="YES" flexibleMaxY="YES"/>
                                                    <fontDescription key="fontDescription" type="system" pointSize="17"/>
                                                    <nil key="textColor"/>
                                                    <nil key="highlightedColor"/>
                                                </label>
                                            </subviews>
                                        </tableViewCellContentView>
                                        <connections>
                                            <outlet property="overviewLabel" destination="DEW-zw-n5F" id="knQ-MU-MJL"/>
                                            <outlet property="titleLabel" destination="OBf-N6-Vp1" id="aig-HV-MeM"/>
                                        </connections>
                                    </tableViewCell>
                                </prototypes>
                            </tableView>
                        </subviews>
                        <color key="backgroundColor" red="1" green="1" blue="1" alpha="1" colorSpace="custom" customColorSpace="sRGB"/>
                    </view>
                    <connections>
                        <outlet property="tableView" destination="bit-ca-Hvb" id="3j8-kU-okG"/>
                    </connections>
                </viewController>
                <placeholder placeholderIdentifier="IBFirstResponder" id="dkx-z0-nzr" sceneMemberID="firstResponder"/>
            </objects>
            <point key="canvasLocation" x="-61.5" y="136.5"/>
        </scene>
    </scenes>
    <simulatedMetricsContainer key="defaultSimulatedMetrics">
        <simulatedStatusBarMetrics key="statusBar"/>
        <simulatedOrientationMetrics key="orientation"/>
        <simulatedScreenMetrics key="destination" type="retina4_7.fullscreen"/>
    </simulatedMetricsContainer>
</document>
